<?xml version="1.0"?>
<Interface Version="1" Minor="1">
	<Ifc Id="ROOT" Top="1">
		<Port Id="P45" Dir="IN"/>
		<Port Id="P59" Dir="IN"/>
		<Port Id="P61" Dir="IN"/>
		<Port Id="P62" Dir="IN"/>
		<Port Id="P66" Dir="IN"/>
		<Port Id="P27" Dir="OUT"/>
		<Port Id="P29" Dir="OUT"/>
		<Port Id="P30" Dir="OUT"/>
		<Port Id="P32" Dir="OUT"/>
		<Port Id="P33" Dir="OUT"/>
		<Port Id="P34" Dir="OUT"/>
		<Port Id="P35" Dir="OUT"/>
		<Port Id="P40" Dir="OUT"/>
		<Port Id="P41" Dir="OUT"/>
		<Port Id="P43" Dir="OUT"/>
		<Port Id="P44" Dir="OUT"/>
	</Ifc>
</Interface>

