<?xml version="1.0"?>
<Interface Version="1" Minor="1">
	<Ifc Id="ROOT" Top="1">
		<Port Id="XLXN_1" Dir="IN"/>
		<Port Id="XLXN_2" Dir="IN"/>
		<Port Id="XLXN_3" Dir="IN"/>
		<Port Id="XLXN_4" Dir="IN"/>
		<Port Id="XLXN_5" Dir="IN"/>
		<Port Id="XLXN_6" Dir="IN"/>
		<Port Id="XLXN_7" Dir="IN"/>
		<Port Id="XLXN_8" Dir="IN"/>
		<Port Id="XLXN_42" Dir="IN"/>
		<Port Id="XLXN_13" Dir="OUT"/>
		<Port Id="XLXN_14" Dir="OUT"/>
		<Port Id="XLXN_17" Dir="OUT"/>
		<Port Id="XLXN_18" Dir="OUT"/>
		<Port Id="XLXN_19" Dir="OUT"/>
		<Port Id="XLXN_20" Dir="OUT"/>
		<Port Id="XLXN_21" Dir="OUT"/>
		<Port Id="XLXN_22" Dir="OUT"/>
		<Port Id="XLXN_27" Dir="OUT"/>
		<Port Id="XLXN_28" Dir="OUT"/>
		<Port Id="XLXN_29" Dir="OUT"/>
		<Port Id="XLXN_30" Dir="OUT"/>
		<Port Id="XLXN_31" Dir="OUT"/>
		<Port Id="XLXN_32" Dir="OUT"/>
		<Port Id="XLXN_33" Dir="OUT"/>
		<Port Id="XLXN_34" Dir="OUT"/>
	</Ifc>
</Interface>

