<?xml version="1.0" encoding="UTF-8"?>
<!-- IMPORTANT: This is an internal file that has been generated
     by the Xilinx ISE software.  Any direct editing or
     changes made to this file may result in unpredictable
     behavior or data corruption.  It is strongly advised that
     users do not edit the contents of this file. -->
<DeviceUsageSummary rev="4">
<DesignStatistics TimeStamp="Thu Sep 14 01:27:42 2023"><group name="NetStatistics">
<item name="NumNets_Active" rev="4">
<attrib name="value" value="76"/></item>
<item name="NumNets_Gnd" rev="4">
<attrib name="value" value="1"/></item>
<item name="NumNets_Vcc" rev="4">
<attrib name="value" value="1"/></item>
<item name="NumNodesOfType_Active_BOUNCEACROSS" rev="4">
<attrib name="value" value="3"/></item>
<item name="NumNodesOfType_Active_BOUNCEIN" rev="4">
<attrib name="value" value="3"/></item>
<item name="NumNodesOfType_Active_BUFGOUT" rev="4">
<attrib name="value" value="1"/></item>
<item name="NumNodesOfType_Active_BUFHINP2OUT" rev="4">
<attrib name="value" value="1"/></item>
<item name="NumNodesOfType_Active_CLKPIN" rev="4">
<attrib name="value" value="29"/></item>
<item name="NumNodesOfType_Active_CLKPINFEED" rev="4">
<attrib name="value" value="1"/></item>
<item name="NumNodesOfType_Active_CNTRLPIN" rev="4">
<attrib name="value" value="18"/></item>
<item name="NumNodesOfType_Active_DOUBLE" rev="4">
<attrib name="value" value="34"/></item>
<item name="NumNodesOfType_Active_GENERIC" rev="4">
<attrib name="value" value="8"/></item>
<item name="NumNodesOfType_Active_GLOBAL" rev="4">
<attrib name="value" value="9"/></item>
<item name="NumNodesOfType_Active_INPUT" rev="4">
<attrib name="value" value="1"/></item>
<item name="NumNodesOfType_Active_IOBIN2OUT" rev="4">
<attrib name="value" value="7"/></item>
<item name="NumNodesOfType_Active_IOBOUTPUT" rev="4">
<attrib name="value" value="7"/></item>
<item name="NumNodesOfType_Active_LUTINPUT" rev="4">
<attrib name="value" value="156"/></item>
<item name="NumNodesOfType_Active_OUTBOUND" rev="4">
<attrib name="value" value="66"/></item>
<item name="NumNodesOfType_Active_OUTPUT" rev="4">
<attrib name="value" value="69"/></item>
<item name="NumNodesOfType_Active_PADINPUT" rev="4">
<attrib name="value" value="7"/></item>
<item name="NumNodesOfType_Active_PADOUTPUT" rev="4">
<attrib name="value" value="1"/></item>
<item name="NumNodesOfType_Active_PINBOUNCE" rev="4">
<attrib name="value" value="62"/></item>
<item name="NumNodesOfType_Active_PINFEED" rev="4">
<attrib name="value" value="197"/></item>
<item name="NumNodesOfType_Active_QUAD" rev="4">
<attrib name="value" value="3"/></item>
<item name="NumNodesOfType_Active_SINGLE" rev="4">
<attrib name="value" value="95"/></item>
<item name="NumNodesOfType_Gnd_DOUBLE" rev="4">
<attrib name="value" value="1"/></item>
<item name="NumNodesOfType_Gnd_GENERIC" rev="4">
<attrib name="value" value="1"/></item>
<item name="NumNodesOfType_Gnd_IOBIN2OUT" rev="4">
<attrib name="value" value="1"/></item>
<item name="NumNodesOfType_Gnd_IOBOUTPUT" rev="4">
<attrib name="value" value="1"/></item>
<item name="NumNodesOfType_Gnd_OUTBOUND" rev="4">
<attrib name="value" value="1"/></item>
<item name="NumNodesOfType_Gnd_OUTPUT" rev="4">
<attrib name="value" value="2"/></item>
<item name="NumNodesOfType_Gnd_PADINPUT" rev="4">
<attrib name="value" value="1"/></item>
<item name="NumNodesOfType_Gnd_PINFEED" rev="4">
<attrib name="value" value="1"/></item>
<item name="NumNodesOfType_Vcc_GENERIC" rev="4">
<attrib name="value" value="3"/></item>
<item name="NumNodesOfType_Vcc_HVCCOUT" rev="4">
<attrib name="value" value="3"/></item>
<item name="NumNodesOfType_Vcc_IOBIN2OUT" rev="4">
<attrib name="value" value="3"/></item>
<item name="NumNodesOfType_Vcc_IOBOUTPUT" rev="4">
<attrib name="value" value="3"/></item>
<item name="NumNodesOfType_Vcc_PADINPUT" rev="4">
<attrib name="value" value="3"/></item>
<item name="NumNodesOfType_Vcc_PINFEED" rev="4">
<attrib name="value" value="3"/></item>
</group>
<group name="SiteStatistics">
<item name="BUFG-BUFGMUX" rev="4">
<attrib name="value" value="1"/></item>
<item name="IOB-IOBM" rev="4">
<attrib name="value" value="6"/></item>
<item name="IOB-IOBS" rev="4">
<attrib name="value" value="6"/></item>
<item name="SLICEX-SLICEL" rev="4">
<attrib name="value" value="10"/></item>
<item name="SLICEX-SLICEM" rev="4">
<attrib name="value" value="10"/></item>
</group>
<group name="MiscellaneousStatistics">
<item name="AGG_BONDED_IO" rev="3">
<attrib name="value" value="12"/></item>
<item name="AGG_IO" rev="3">
<attrib name="value" value="12"/></item>
<item name="AGG_LOCED_IO" rev="3">
<attrib name="value" value="12"/></item>
<item name="AGG_SLICE" rev="3">
<attrib name="value" value="34"/></item>
<item name="NUM_BONDED_IOB" rev="3">
<attrib name="value" value="12"/></item>
<item name="NUM_BSFULL" rev="3">
<attrib name="value" value="33"/></item>
<item name="NUM_BSLUTONLY" rev="3">
<attrib name="value" value="29"/></item>
<item name="NUM_BSUSED" rev="3">
<attrib name="value" value="62"/></item>
<item name="NUM_BUFG" rev="3">
<attrib name="value" value="1"/></item>
<item name="NUM_LOCED_IOB" rev="3">
<attrib name="value" value="12"/></item>
<item name="NUM_LOGIC_O6ONLY" rev="3">
<attrib name="value" value="62"/></item>
<item name="NUM_SLICEX" rev="3">
<attrib name="value" value="34"/></item>
<item name="NUM_SLICE_CONTROLSET" rev="3">
<attrib name="value" value="26"/></item>
<item name="NUM_SLICE_CYINIT" rev="3">
<attrib name="value" value="62"/></item>
<item name="NUM_SLICE_FF" rev="3">
<attrib name="value" value="33"/></item>
<item name="NUM_SLICE_UNUSEDCTRL" rev="3">
<attrib name="value" value="5"/></item>
<item name="NUM_UNUSABLE_FF_BELS" rev="3">
<attrib name="value" value="175"/></item>
</group>
</DesignStatistics>
<DeviceUsage TimeStamp="Thu Sep 14 01:27:42 2023"><group name="SiteSummary">
<item name="BUFG" rev="4">
<attrib name="total" value="1000000"/><attrib name="used" value="1"/></item>
<item name="BUFG_BUFG" rev="4">
<attrib name="total" value="1000000"/><attrib name="used" value="1"/></item>
<item name="IOB" rev="4">
<attrib name="total" value="1000000"/><attrib name="used" value="12"/></item>
<item name="IOB_IMUX" rev="4">
<attrib name="total" value="1000000"/><attrib name="used" value="1"/></item>
<item name="IOB_INBUF" rev="4">
<attrib name="total" value="1000000"/><attrib name="used" value="1"/></item>
<item name="IOB_OUTBUF" rev="4">
<attrib name="total" value="1000000"/><attrib name="used" value="11"/></item>
<item name="LUT6" rev="4">
<attrib name="total" value="1000000"/><attrib name="used" value="62"/></item>
<item name="PAD" rev="4">
<attrib name="total" value="1000000"/><attrib name="used" value="12"/></item>
<item name="REG_SR" rev="4">
<attrib name="total" value="1000000"/><attrib name="used" value="33"/></item>
<item name="SLICEX" rev="4">
<attrib name="total" value="1000000"/><attrib name="used" value="34"/></item>
</group>
</DeviceUsage>
<ReportConfigData TimeStamp="Thu Sep 14 01:27:42 2023"><group name="REG_SR">
<item name="CK" rev="4">
<attrib name="CK" value="30"/><attrib name="CK_INV" value="3"/></item>
<item name="LATCH_OR_FF" rev="4">
<attrib name="FF" value="33"/></item>
<item name="SRINIT" rev="4">
<attrib name="SRINIT0" value="33"/></item>
<item name="SYNC_ATTR" rev="4">
<attrib name="ASYNC" value="33"/></item>
</group>
<group name="IOB_OUTBUF">
<item name="DRIVEATTRBOX" rev="4">
<attrib name="12" value="11"/></item>
<item name="SLEW" rev="4">
<attrib name="SLOW" value="11"/></item>
<item name="SUSPEND" rev="4">
<attrib name="3STATE" value="11"/></item>
</group>
<group name="SLICEX">
<item name="CLK" rev="4">
<attrib name="CLK" value="26"/><attrib name="CLK_INV" value="3"/></item>
</group>
</ReportConfigData>
<ReportPinData TimeStamp="Thu Sep 14 01:27:42 2023"><group name="REG_SR">
<item name="CE" rev="4">
<attrib name="value" value="14"/></item>
<item name="CK" rev="4">
<attrib name="value" value="33"/></item>
<item name="D" rev="4">
<attrib name="value" value="33"/></item>
<item name="Q" rev="4">
<attrib name="value" value="33"/></item>
<item name="SR" rev="4">
<attrib name="value" value="4"/></item>
</group>
<group name="IOB_OUTBUF">
<item name="IN" rev="4">
<attrib name="value" value="11"/></item>
<item name="OUT" rev="4">
<attrib name="value" value="11"/></item>
</group>
<group name="SLICEX">
<item name="A" rev="4">
<attrib name="value" value="5"/></item>
<item name="A3" rev="4">
<attrib name="value" value="8"/></item>
<item name="A4" rev="4">
<attrib name="value" value="29"/></item>
<item name="A5" rev="4">
<attrib name="value" value="8"/></item>
<item name="A6" rev="4">
<attrib name="value" value="18"/></item>
<item name="AQ" rev="4">
<attrib name="value" value="24"/></item>
<item name="B" rev="4">
<attrib name="value" value="12"/></item>
<item name="B3" rev="4">
<attrib name="value" value="6"/></item>
<item name="B4" rev="4">
<attrib name="value" value="9"/></item>
<item name="B5" rev="4">
<attrib name="value" value="16"/></item>
<item name="B6" rev="4">
<attrib name="value" value="19"/></item>
<item name="BQ" rev="4">
<attrib name="value" value="7"/></item>
<item name="C" rev="4">
<attrib name="value" value="4"/></item>
<item name="C3" rev="4">
<attrib name="value" value="1"/></item>
<item name="C4" rev="4">
<attrib name="value" value="2"/></item>
<item name="C5" rev="4">
<attrib name="value" value="4"/></item>
<item name="C6" rev="4">
<attrib name="value" value="5"/></item>
<item name="CE" rev="4">
<attrib name="value" value="14"/></item>
<item name="CLK" rev="4">
<attrib name="value" value="29"/></item>
<item name="CQ" rev="4">
<attrib name="value" value="1"/></item>
<item name="D" rev="4">
<attrib name="value" value="8"/></item>
<item name="D3" rev="4">
<attrib name="value" value="7"/></item>
<item name="D4" rev="4">
<attrib name="value" value="8"/></item>
<item name="D5" rev="4">
<attrib name="value" value="8"/></item>
<item name="D6" rev="4">
<attrib name="value" value="8"/></item>
<item name="DQ" rev="4">
<attrib name="value" value="1"/></item>
<item name="SR" rev="4">
<attrib name="value" value="4"/></item>
</group>
<group name="BUFG_BUFG">
<item name="I0" rev="4">
<attrib name="value" value="1"/></item>
<item name="O" rev="4">
<attrib name="value" value="1"/></item>
</group>
<group name="PAD">
<item name="PAD" rev="4">
<attrib name="value" value="12"/></item>
</group>
<group name="IOB_INBUF">
<item name="OUT" rev="4">
<attrib name="value" value="1"/></item>
<item name="PAD" rev="4">
<attrib name="value" value="1"/></item>
</group>
<group name="LUT6">
<item name="A3" rev="4">
<attrib name="value" value="22"/></item>
<item name="A4" rev="4">
<attrib name="value" value="48"/></item>
<item name="A5" rev="4">
<attrib name="value" value="36"/></item>
<item name="A6" rev="4">
<attrib name="value" value="50"/></item>
<item name="O6" rev="4">
<attrib name="value" value="62"/></item>
</group>
<group name="IOB_IMUX">
<item name="I" rev="4">
<attrib name="value" value="1"/></item>
<item name="OUT" rev="4">
<attrib name="value" value="1"/></item>
</group>
<group name="IOB">
<item name="I" rev="4">
<attrib name="value" value="1"/></item>
<item name="O" rev="4">
<attrib name="value" value="11"/></item>
<item name="PAD" rev="4">
<attrib name="value" value="12"/></item>
</group>
<group name="BUFG">
<item name="I0" rev="4">
<attrib name="value" value="1"/></item>
<item name="O" rev="4">
<attrib name="value" value="1"/></item>
</group>
</ReportPinData>
<CmdHistory>
</CmdHistory>
</DeviceUsageSummary>
